nb_shards,nb_requests,accuracy,retraining_time
5,0,0.9569837244390228,16.777748346328735
5,1,0.9566306057590447,3.5340816974639893
5,2,0.9564700972681455,6.614681720733643
5,3,0.9563095887772464,10.212859153747559
5,4,0.9556996565118294,9.931816577911377
5,5,0.9557959616063689,10.383199453353882
